{
    "dataset_source": "LIVE",
    "preprocessing_dir": "hv",
    "models": {
        "gblur": {
            "alpha": 0.1,
            "beta": 1.7000000000000002,
            "poly_coeffs": [
                -0.12565866432999132,
                -0.1835330195122582,
                4.430571797314681
            ],
            "degree": 2,
            "metrics": {
                "r2": 0.7509422432542396,
                "rmse": 7.591522282509697,
                "cv_spearman_avg": 0.89448337627285
            }
        },
        "wn": {
            "alpha": 1.8000000000000003,
            "beta": 1.0,
            "poly_coeffs": [
                -0.0636351791385971,
                -0.7842476812219031,
                2.169611486438438
            ],
            "degree": 2,
            "metrics": {
                "r2": 0.9628785391318551,
                "rmse": 3.128110491503126,
                "cv_spearman_avg": -0.9790541450293773
            }
        },
        "jpeg": {
            "alpha": 0.1,
            "beta": 1.8000000000000003,
            "poly_coeffs": [
                -0.09510103953272923,
                -0.10317139917468934,
                4.440784905232
            ],
            "degree": 2,
            "metrics": {
                "r2": 0.8065353526579118,
                "rmse": 7.111040631435157,
                "cv_spearman_avg": 0.9111882604201924
            }
        },
        "jp2k": {
            "alpha": 0.1,
            "beta": 2.4000000000000004,
            "poly_coeffs": [
                0.2885338481901577,
                3.3982466981752384,
                13.19749236479166
            ],
            "degree": 2,
            "metrics": {
                "r2": 0.5555763354913819,
                "rmse": 10.905676580240481,
                "cv_spearman_avg": 0.8416757450995067
            }
        },
        "fastfading": {
            "alpha": 0.1,
            "beta": 0.1,
            "poly_coeffs": [
                0.8280427565281172,
                4.437893220073461,
                9.148180077956752
            ],
            "degree": 2,
            "metrics": {
                "r2": 0.6355453873423741,
                "rmse": 10.110104624951779,
                "cv_spearman_avg": 0.8541839038154826
            }
        }
    }
}